gemm	baseline	-	1	RESULT workload=gemm size=8192 samples=227 tflops=695.3 ms_median=1.5814 ms_mean=1.5880 ms_p95=1.6461 ms_std=0.0339
gemm	dev@100	100	1	RESULT workload=gemm size=8192 samples=228 tflops=696.1 ms_median=1.5795 ms_mean=1.5836 ms_p95=1.6497 ms_std=0.0440
gemm	pass1@1000	1000	1	RESULT workload=gemm size=8192 samples=227 tflops=694.2 ms_median=1.5838 ms_mean=1.5900 ms_p95=1.6342 ms_std=0.0476
gemm	pass1@100	100	1	RESULT workload=gemm size=8192 samples=227 tflops=695.7 ms_median=1.5805 ms_mean=1.5865 ms_p95=1.6579 ms_std=0.0423
gemm	full@100	100	1	RESULT workload=gemm size=8192 samples=226 tflops=695.7 ms_median=1.5804 ms_mean=1.5933 ms_p95=1.6506 ms_std=0.1475
gemm	baseline	-	2	RESULT workload=gemm size=8192 samples=226 tflops=692.0 ms_median=1.5890 ms_mean=1.5932 ms_p95=1.6413 ms_std=0.0311
gemm	dev@100	100	2	RESULT workload=gemm size=8192 samples=225 tflops=692.1 ms_median=1.5887 ms_mean=1.6035 ms_p95=1.6797 ms_std=0.1667
gemm	pass1@1000	1000	2	RESULT workload=gemm size=8192 samples=226 tflops=692.1 ms_median=1.5886 ms_mean=1.5966 ms_p95=1.6360 ms_std=0.0949
gemm	pass1@100	100	2	RESULT workload=gemm size=8192 samples=226 tflops=694.3 ms_median=1.5836 ms_mean=1.5978 ms_p95=1.6436 ms_std=0.1175
gemm	full@100	100	2	RESULT workload=gemm size=8192 samples=228 tflops=696.0 ms_median=1.5797 ms_mean=1.5843 ms_p95=1.6438 ms_std=0.0392
mem	baseline	-	1	RESULT workload=mem_addscale bytes=3221225472 samples=174 gbps=3106.2 ms_median=1.0370 ms_mean=1.0371 ms_p95=1.0373 ms_std=0.0002
mem	dev@100	100	1	RESULT workload=mem_addscale bytes=3221225472 samples=174 gbps=3105.6 ms_median=1.0372 ms_mean=1.0372 ms_p95=1.0374 ms_std=0.0001
mem	pass1@1000	1000	1	RESULT workload=mem_addscale bytes=3221225472 samples=174 gbps=3106.2 ms_median=1.0370 ms_mean=1.0371 ms_p95=1.0372 ms_std=0.0001
mem	pass1@100	100	1	RESULT workload=mem_addscale bytes=3221225472 samples=174 gbps=3106.1 ms_median=1.0371 ms_mean=1.0371 ms_p95=1.0372 ms_std=0.0001
mem	full@100	100	1	RESULT workload=mem_addscale bytes=3221225472 samples=174 gbps=3106.1 ms_median=1.0371 ms_mean=1.0371 ms_p95=1.0373 ms_std=0.0001
mem	baseline	-	2	RESULT workload=mem_addscale bytes=3221225472 samples=174 gbps=3106.1 ms_median=1.0371 ms_mean=1.0371 ms_p95=1.0372 ms_std=0.0002
mem	dev@100	100	2	RESULT workload=mem_addscale bytes=3221225472 samples=174 gbps=3106.1 ms_median=1.0371 ms_mean=1.0371 ms_p95=1.0372 ms_std=0.0002
mem	pass1@1000	1000	2	RESULT workload=mem_addscale bytes=3221225472 samples=174 gbps=3105.8 ms_median=1.0372 ms_mean=1.0372 ms_p95=1.0374 ms_std=0.0002
mem	pass1@100	100	2	RESULT workload=mem_addscale bytes=3221225472 samples=174 gbps=3105.7 ms_median=1.0372 ms_mean=1.0372 ms_p95=1.0374 ms_std=0.0001
mem	full@100	100	2	RESULT workload=mem_addscale bytes=3221225472 samples=174 gbps=3105.7 ms_median=1.0372 ms_mean=1.0372 ms_p95=1.0374 ms_std=0.0001
comm	baseline	-	1	RESULT workload=comm_nccl size_mb=256 samples=360 gbps=300.2 ms_median=0.8943 ms_mean=0.8944 ms_p95=0.8967 ms_std=0.0014
comm	dev@100	100	1	RESULT workload=comm_nccl size_mb=256 samples=360 gbps=299.3 ms_median=0.8969 ms_mean=0.8970 ms_p95=0.8996 ms_std=0.0015
comm	pass1@1000	1000	1	RESULT workload=comm_nccl size_mb=256 samples=360 gbps=299.5 ms_median=0.8962 ms_mean=0.8963 ms_p95=0.8986 ms_std=0.0014
comm	pass1@100	100	1	RESULT workload=comm_nccl size_mb=256 samples=360 gbps=299.3 ms_median=0.8969 ms_mean=0.8970 ms_p95=0.8993 ms_std=0.0014
comm	full@100	100	1	RESULT workload=comm_nccl size_mb=256 samples=360 gbps=299.3 ms_median=0.8968 ms_mean=0.8969 ms_p95=0.8993 ms_std=0.0015
comm	baseline	-	2	RESULT workload=comm_nccl size_mb=256 samples=360 gbps=299.6 ms_median=0.8960 ms_mean=0.8962 ms_p95=0.8990 ms_std=0.0018
comm	dev@100	100	2	RESULT workload=comm_nccl size_mb=256 samples=360 gbps=299.5 ms_median=0.8963 ms_mean=0.8964 ms_p95=0.8987 ms_std=0.0014
comm	pass1@1000	1000	2	RESULT workload=comm_nccl size_mb=256 samples=360 gbps=299.4 ms_median=0.8966 ms_mean=0.8967 ms_p95=0.8994 ms_std=0.0015
comm	pass1@100	100	2	RESULT workload=comm_nccl size_mb=256 samples=360 gbps=299.4 ms_median=0.8967 ms_mean=0.8967 ms_p95=0.8988 ms_std=0.0013
comm	full@100	100	2	RESULT workload=comm_nccl size_mb=256 samples=360 gbps=299.4 ms_median=0.8965 ms_mean=0.8965 ms_p95=0.8988 ms_std=0.0013
gemm	baseline	-	1	RESULT workload=gemm size=8192 samples=227 tflops=695.2 ms_median=1.5817 ms_mean=1.5859 ms_p95=1.6366 ms_std=0.0402
gemm	dev@1	1	1	RESULT workload=gemm size=8192 samples=227 tflops=693.8 ms_median=1.5847 ms_mean=1.5920 ms_p95=1.6551 ms_std=0.0401
gemm	full@1	1	1	RESULT workload=gemm size=8192 samples=227 tflops=694.0 ms_median=1.5842 ms_mean=1.5912 ms_p95=1.6445 ms_std=0.0372
gemm	baseline	-	2	RESULT workload=gemm size=8192 samples=226 tflops=692.8 ms_median=1.5871 ms_mean=1.5926 ms_p95=1.6599 ms_std=0.0460
gemm	dev@1	1	2	RESULT workload=gemm size=8192 samples=226 tflops=692.8 ms_median=1.5870 ms_mean=1.5929 ms_p95=1.6621 ms_std=0.0444
gemm	full@1	1	2	RESULT workload=gemm size=8192 samples=227 tflops=693.6 ms_median=1.5853 ms_mean=1.5924 ms_p95=1.6634 ms_std=0.0396
mem	baseline	-	1	RESULT workload=mem_addscale bytes=3221225472 samples=174 gbps=3106.0 ms_median=1.0371 ms_mean=1.0373 ms_p95=1.0373 ms_std=0.0012
mem	dev@1	1	1	RESULT workload=mem_addscale bytes=3221225472 samples=174 gbps=3105.5 ms_median=1.0373 ms_mean=1.0376 ms_p95=1.0375 ms_std=0.0016
mem	full@1	1	1	RESULT workload=mem_addscale bytes=3221225472 samples=174 gbps=3106.2 ms_median=1.0370 ms_mean=1.0374 ms_p95=1.0375 ms_std=0.0019
mem	baseline	-	2	RESULT workload=mem_addscale bytes=3221225472 samples=174 gbps=3105.8 ms_median=1.0372 ms_mean=1.0376 ms_p95=1.0376 ms_std=0.0019
mem	dev@1	1	2	RESULT workload=mem_addscale bytes=3221225472 samples=174 gbps=3105.6 ms_median=1.0372 ms_mean=1.0373 ms_p95=1.0374 ms_std=0.0001
mem	full@1	1	2	RESULT workload=mem_addscale bytes=3221225472 samples=174 gbps=3105.7 ms_median=1.0372 ms_mean=1.0372 ms_p95=1.0374 ms_std=0.0001
comm	baseline	-	1	RESULT workload=comm_nccl size_mb=256 samples=360 gbps=299.5 ms_median=0.8961 ms_mean=0.8962 ms_p95=0.8986 ms_std=0.0015
comm	dev@1	1	1	RESULT workload=comm_nccl size_mb=256 samples=360 gbps=300.0 ms_median=0.8948 ms_mean=0.8950 ms_p95=0.8973 ms_std=0.0014
comm	full@1	1	1	RESULT workload=comm_nccl size_mb=256 samples=360 gbps=300.0 ms_median=0.8948 ms_mean=0.8949 ms_p95=0.8970 ms_std=0.0013
comm	baseline	-	2	RESULT workload=comm_nccl size_mb=256 samples=360 gbps=300.9 ms_median=0.8921 ms_mean=0.8922 ms_p95=0.8945 ms_std=0.0014
comm	dev@1	1	2	RESULT workload=comm_nccl size_mb=256 samples=360 gbps=300.1 ms_median=0.8945 ms_mean=0.8946 ms_p95=0.8971 ms_std=0.0015
comm	full@1	1	2	RESULT workload=comm_nccl size_mb=256 samples=360 gbps=300.2 ms_median=0.8942 ms_mean=0.8942 ms_p95=0.8964 ms_std=0.0014
