source_file,freq_hz,interval_ms,gpu,sample_idx,pcitx_bytes,pcirx_bytes,pcitx_MB,pcirx_MB,pcitx_MBps,pcirx_MBps,pcitx_status,pcirx_status,used_in_task1_baseline
idle_pcie_check_gpu45.txt,1,1000,GPU4,0,,,,,,,warmup_NA,warmup_NA,True
idle_pcie_check_gpu45.txt,1,1000,GPU5,0,,,,,,,warmup_NA,warmup_NA,True
idle_pcie_check_gpu45.txt,1,1000,GPU4,1,,,,,,,warmup_NA,warmup_NA,True
idle_pcie_check_gpu45.txt,1,1000,GPU5,1,,,,,,,warmup_NA,warmup_NA,True
idle_pcie_check_gpu45.txt,1,1000,GPU4,2,2396102,2240152,2.3961,2.2402,2.396,2.24,valid,valid,True
idle_pcie_check_gpu45.txt,1,1000,GPU5,2,2692927,2538585,2.6929,2.5386,2.693,2.539,valid,valid,True
idle_pcie_check_gpu45.txt,1,1000,GPU4,3,2396102,2240152,2.3961,2.2402,2.396,2.24,valid,valid,True
idle_pcie_check_gpu45.txt,1,1000,GPU5,3,2796734,2538585,2.7967,2.5386,2.797,2.539,valid,valid,True
idle_pcie_check_gpu45.txt,1,1000,GPU4,4,2997710,2849569,2.9977,2.8496,2.998,2.85,valid,valid,True
idle_pcie_check_gpu45.txt,1,1000,GPU5,4,3374074,2657978,3.3741,2.658,3.374,2.658,valid,valid,True
idle_pcie_check_gpu45.txt,1,1000,GPU4,5,3674685,3495483,3.6747,3.4955,3.675,3.495,valid,valid,True
idle_pcie_check_gpu45.txt,1,1000,GPU5,5,3046676,3197475,3.0467,3.1975,3.047,3.197,valid,valid,True
idle_pcie_check_gpu45.txt,1,1000,GPU4,6,2235876,2098389,2.2359,2.0984,2.236,2.098,valid,valid,True
idle_pcie_check_gpu45.txt,1,1000,GPU5,6,3063344,2887313,3.0633,2.8873,3.063,2.887,valid,valid,True
idle_pcie_check_gpu45.txt,1,1000,GPU4,7,3005137,2857440,3.0051,2.8574,3.005,2.857,valid,valid,True
idle_pcie_check_gpu45.txt,1,1000,GPU5,7,2316225,2895681,2.3162,2.8957,2.316,2.896,valid,valid,True
idle_pcie_check_gpu45.txt,1,1000,GPU4,8,3203230,3012608,3.2032,3.0126,3.203,3.013,valid,valid,True
idle_pcie_check_gpu45.txt,1,1000,GPU5,8,3061051,2186933,3.0611,2.1869,3.061,2.187,valid,valid,True
idle_pcie_check_gpu45.txt,1,1000,GPU4,9,3217620,3047620,3.2176,3.0476,3.218,3.048,valid,valid,True
idle_pcie_check_gpu45.txt,1,1000,GPU5,9,3272408,2893075,3.2724,2.8931,3.272,2.893,valid,valid,True
idle_pcie_check_gpu45.txt,1,1000,GPU4,10,2703480,2560668,2.7035,2.5607,2.703,2.561,valid,valid,True
idle_pcie_check_gpu45.txt,1,1000,GPU5,10,2328598,3111964,2.3286,3.112,2.329,3.112,valid,valid,True
idle_pcie_check_gpu45.txt,1,1000,GPU4,11,2706827,2554526,2.7068,2.5545,2.707,2.555,valid,valid,True
idle_pcie_check_gpu45.txt,1,1000,GPU5,11,3732179,2215360,3.7322,2.2154,3.732,2.215,valid,valid,True
idle_pcie_check_gpu45.txt,1,1000,GPU4,12,3820392,3617063,3.8204,3.6171,3.82,3.617,valid,valid,True
idle_pcie_check_gpu45.txt,1,1000,GPU5,12,2576692,3514180,2.5767,3.5142,2.577,3.514,valid,valid,True
idle_pcie_check_gpu45.txt,1,1000,GPU4,13,2737887,2577375,2.7379,2.5774,2.738,2.577,valid,valid,True
idle_pcie_check_gpu45.txt,1,1000,GPU5,13,3277845,2435811,3.2778,2.4358,3.278,2.436,valid,valid,True
idle_pcie_check_gpu45.txt,1,1000,GPU4,14,2622399,2497672,2.6224,2.4977,2.622,2.498,valid,valid,True
idle_pcie_check_gpu45.txt,1,1000,GPU5,14,1366622,1237912,1.3666,1.2379,1.367,1.238,valid,valid,True
idle_pcie_check_gpu45.txt,1,1000,GPU4,15,1938150,1804271,1.9382,1.8043,1.938,1.804,valid,valid,True
idle_pcie_check_gpu45.txt,1,1000,GPU5,15,2118554,2005893,2.1186,2.0059,2.119,2.006,valid,valid,True
idle_pcie_check_gpu45.txt,1,1000,GPU4,16,5044354,3122334,5.0444,3.1223,5.044,3.122,valid,valid,True
idle_pcie_check_gpu45.txt,1,1000,GPU5,16,2118554,2903776,2.1186,2.9038,2.119,2.904,valid,valid,True
idle_pcie_check_gpu45.txt,1,1000,GPU4,17,2042604,4715457,2.0426,4.7155,2.043,4.715,valid,valid,True
idle_pcie_check_gpu45.txt,1,1000,GPU5,17,4796059,4246131,4.7961,4.2461,4.796,4.246,valid,valid,True
idle_pcie_check_gpu45.txt,1,1000,GPU4,18,2042604,1917708,2.0426,1.9177,2.043,1.918,valid,valid,True
idle_pcie_check_gpu45.txt,1,1000,GPU5,18,4406321,2458183,4.4063,2.4582,4.406,2.458,valid,valid,True
idle_pcie_check_gpu45.txt,1,1000,GPU4,19,2533305,2410902,2.5333,2.4109,2.533,2.411,valid,valid,True
idle_pcie_check_gpu45.txt,1,1000,GPU5,19,2568307,2961542,2.5683,2.9615,2.568,2.962,valid,valid,True
idle_pcie_check_gpu45.txt,1,1000,GPU4,20,3099268,2947310,3.0993,2.9473,3.099,2.947,valid,valid,True
idle_pcie_check_gpu45.txt,1,1000,GPU5,20,3096966,2962817,3.097,2.9628,3.097,2.963,valid,valid,True
idle_pcie_check_gpu45.txt,1,1000,GPU4,21,2839417,2772336,2.8394,2.7723,2.839,2.772,valid,valid,True
idle_pcie_check_gpu45.txt,1,1000,GPU5,21,3123806,2989831,3.1238,2.9898,3.124,2.99,valid,valid,True
idle_pcie_check_gpu45.txt,1,1000,GPU4,22,2420675,2290705,2.4207,2.2907,2.421,2.291,valid,valid,True
idle_pcie_check_gpu45.txt,1,1000,GPU5,22,3050100,2154534,3.0501,2.1545,3.05,2.155,valid,valid,True
idle_pcie_check_gpu45.txt,1,1000,GPU4,23,3082464,3000519,3.0825,3.0005,3.082,3.001,valid,valid,True
idle_pcie_check_gpu45.txt,1,1000,GPU5,23,2879512,2809805,2.8795,2.8098,2.88,2.81,valid,valid,True
idle_pcie_check_gpu45.txt,1,1000,GPU4,24,2376621,2259231,2.3766,2.2592,2.377,2.259,valid,valid,True
idle_pcie_check_gpu45.txt,1,1000,GPU5,24,2537001,2402316,2.537,2.4023,2.537,2.402,valid,valid,True
idle_pcie_check_gpu45.txt,1,1000,GPU4,25,3166743,3025242,3.1667,3.0252,3.167,3.025,valid,valid,True
idle_pcie_check_gpu45.txt,1,1000,GPU5,25,3277277,3143279,3.2773,3.1433,3.277,3.143,valid,valid,True
idle_pcie_check_gpu45.txt,1,1000,GPU4,26,3027610,2981000,3.0276,2.981,3.028,2.981,valid,valid,True
idle_pcie_check_gpu45.txt,1,1000,GPU5,26,3157322,3084480,3.1573,3.0845,3.157,3.084,valid,valid,True
idle_pcie_check_gpu45.txt,1,1000,GPU4,27,3027610,2981000,3.0276,2.981,3.028,2.981,valid,valid,True
idle_pcie_check_gpu45.txt,1,1000,GPU5,27,3157322,3084480,3.1573,3.0845,3.157,3.084,valid,valid,True
idle_pcie_check_gpu45.txt,1,1000,GPU4,28,3780370,3635812,3.7804,3.6358,3.78,3.636,valid,valid,True
idle_pcie_check_gpu45.txt,1,1000,GPU5,28,2838526,2701673,2.8385,2.7017,2.839,2.702,valid,valid,True
idle_pcie_check_gpu45.txt,1,1000,GPU4,29,2237840,2109039,2.2378,2.109,2.238,2.109,valid,valid,True
idle_pcie_check_gpu45.txt,1,1000,GPU5,29,3556066,3362548,3.5561,3.3625,3.556,3.363,valid,valid,True
idle_pcie_check_5hz.txt,5,200,GPU4,0,,,,,,,warmup_NA,warmup_NA,True
idle_pcie_check_5hz.txt,5,200,GPU4,1,,,,,,,warmup_NA,warmup_NA,True
idle_pcie_check_5hz.txt,5,200,GPU4,2,1472606,1328490,1.4726,1.3285,7.363,6.642,valid,valid,True
idle_pcie_check_5hz.txt,5,200,GPU4,3,0,1413293,0.0,1.4133,0.0,7.066,empty_zero,valid,True
idle_pcie_check_5hz.txt,5,200,GPU4,4,2148693,0,2.1487,0.0,10.743,0.0,valid,empty_zero,True
idle_pcie_check_5hz.txt,5,200,GPU4,5,602715,1957407,0.6027,1.9574,3.014,9.787,valid,valid,True
idle_pcie_check_5hz.txt,5,200,GPU4,6,1428104,448105,1.4281,0.4481,7.141,2.241,valid,valid,True
idle_pcie_check_5hz.txt,5,200,GPU4,7,3513113,1286604,3.5131,1.2866,17.566,6.433,valid,valid,True
idle_pcie_check_5hz.txt,5,200,GPU4,8,136256,3373357,0.1363,3.3734,0.681,16.867,valid,valid,True
idle_pcie_check_5hz.txt,5,200,GPU4,9,3202037,15721,3.202,0.0157,16.01,0.079,valid,valid,True
idle_pcie_check_5hz.txt,5,200,GPU4,10,2491119,3052679,2.4911,3.0527,12.456,15.263,valid,valid,True
idle_pcie_check_5hz.txt,5,200,GPU4,11,3393432,2389067,3.3934,2.3891,16.967,11.945,valid,valid,True
idle_pcie_check_5hz.txt,5,200,GPU4,12,2093678,3215244,2.0937,3.2152,10.468,16.076,valid,valid,True
idle_pcie_check_5hz.txt,5,200,GPU4,13,5119450,2056992,5.1194,2.057,25.597,10.285,valid,valid,True
idle_pcie_check_5hz.txt,5,200,GPU4,14,361604,4970556,0.3616,4.9706,1.808,24.853,valid,valid,True
idle_pcie_check_5hz.txt,5,200,GPU4,15,2597638,251550,2.5976,0.2515,12.988,1.258,valid,valid,True
idle_pcie_check_5hz.txt,5,200,GPU4,16,3542718,2447404,3.5427,2.4474,17.714,12.237,valid,valid,True
idle_pcie_check_5hz.txt,5,200,GPU4,17,2244326,3464108,2.2443,3.4641,11.222,17.321,valid,valid,True
idle_pcie_check_5hz.txt,5,200,GPU4,18,2652495,2541619,2.6525,2.5416,13.262,12.708,valid,valid,True
idle_pcie_check_5hz.txt,5,200,GPU4,19,2009904,1802886,2.0099,1.8029,10.05,9.014,valid,valid,True
idle_pcie_check_5hz.txt,5,200,GPU4,20,2219477,2033429,2.2195,2.0334,11.097,10.167,valid,valid,True
idle_pcie_check_5hz.txt,5,200,GPU4,21,605314,450710,0.6053,0.4507,3.027,2.254,valid,valid,True
idle_pcie_check_5hz.txt,5,200,GPU4,22,3076303,2921701,3.0763,2.9217,15.382,14.609,valid,valid,True
idle_pcie_check_5hz.txt,5,200,GPU4,23,4849847,4716221,4.8498,4.7162,24.249,23.581,valid,valid,True
idle_pcie_check_5hz.txt,5,200,GPU4,24,1011420,833242,1.0114,0.8332,5.057,4.166,valid,valid,True
idle_pcie_check_5hz.txt,5,200,GPU4,25,1603689,1449085,1.6037,1.4491,8.018,7.245,valid,valid,True
idle_pcie_check_5hz.txt,5,200,GPU4,26,1304934,1137231,1.3049,1.1372,6.525,5.686,valid,valid,True
idle_pcie_check_5hz.txt,5,200,GPU4,27,0,1780092,0.0,1.7801,0.0,8.9,empty_zero,valid,True
idle_pcie_check_5hz.txt,5,200,GPU4,28,1758284,0,1.7583,0.0,8.791,0.0,valid,empty_zero,True
idle_pcie_check_5hz.txt,5,200,GPU4,29,4100822,1713737,4.1008,1.7137,20.504,8.569,valid,valid,True
idle_pcie_check_5hz.txt,5,200,GPU4,30,2106775,3925260,2.1068,3.9253,10.534,19.626,valid,valid,True
idle_pcie_check_5hz.txt,5,200,GPU4,31,5613551,2043886,5.6136,2.0439,28.068,10.219,valid,valid,True
idle_pcie_check_5hz.txt,5,200,GPU4,32,2048340,5261564,2.0483,5.2616,10.242,26.308,valid,valid,True
idle_pcie_check_5hz.txt,5,200,GPU4,33,4915136,1916868,4.9151,1.9169,24.576,9.584,valid,valid,True
idle_pcie_check_5hz.txt,5,200,GPU4,34,4915136,4705312,4.9151,4.7053,24.576,23.527,valid,valid,True
idle_pcie_check_5hz.txt,5,200,GPU4,35,1004523,879547,1.0045,0.8795,5.023,4.398,valid,valid,True
idle_pcie_check_5hz.txt,5,200,GPU4,36,1004523,879547,1.0045,0.8795,5.023,4.398,valid,valid,True
idle_pcie_check_5hz.txt,5,200,GPU4,37,11252228,11042592,11.2522,11.0426,56.261,55.213,valid,valid,True
idle_pcie_check_5hz.txt,5,200,GPU4,38,676057,534556,0.6761,0.5346,3.38,2.673,valid,valid,True
idle_pcie_check_5hz.txt,5,200,GPU4,39,3534862,3369779,3.5349,3.3698,17.674,16.849,valid,valid,True
idle_pcie_check_5hz.txt,5,200,GPU4,40,4105308,3917039,4.1053,3.917,20.527,19.585,valid,valid,True
idle_pcie_check_5hz.txt,5,200,GPU4,41,2950325,2813955,2.9503,2.814,14.752,14.07,valid,valid,True
idle_pcie_check_5hz.txt,5,200,GPU4,42,3796183,3591975,3.7962,3.592,18.981,17.96,valid,valid,True
idle_pcie_check_5hz.txt,5,200,GPU4,43,4693067,4436701,4.6931,4.4367,23.465,22.184,valid,valid,True
idle_pcie_check_5hz.txt,5,200,GPU4,44,4693067,4436701,4.6931,4.4367,23.465,22.184,valid,valid,True
idle_pcie_check_5hz.txt,5,200,GPU4,45,141503,15722,0.1415,0.0157,0.708,0.079,valid,valid,True
idle_pcie_check_5hz.txt,5,200,GPU4,46,2588859,2373994,2.5889,2.374,12.944,11.87,valid,valid,True
idle_pcie_check_5hz.txt,5,200,GPU4,47,4003847,3710371,4.0038,3.7104,20.019,18.552,valid,valid,True
idle_pcie_check_5hz.txt,5,200,GPU4,48,3605585,3437883,3.6056,3.4379,18.028,17.189,valid,valid,True
idle_pcie_check_5hz.txt,5,200,GPU4,49,2803760,2722530,2.8038,2.7225,14.019,13.613,valid,valid,True
idle_pcie_check_5hz.txt,5,200,GPU4,50,4160313,3922057,4.1603,3.9221,20.802,19.61,valid,valid,True
idle_pcie_check_5hz.txt,5,200,GPU4,51,2413334,2300659,2.4133,2.3007,12.067,11.503,valid,valid,True
idle_pcie_check_5hz.txt,5,200,GPU4,52,3094605,3068401,3.0946,3.0684,15.473,15.342,valid,valid,True
idle_pcie_check_5hz.txt,5,200,GPU4,53,3682524,1876203,3.6825,1.8762,18.413,9.381,valid,valid,True
idle_pcie_check_5hz.txt,5,200,GPU4,54,3682524,3530542,3.6825,3.5305,18.413,17.653,valid,valid,True
idle_pcie_check_5hz.txt,5,200,GPU4,55,2064778,1813232,2.0648,1.8132,10.324,9.066,valid,valid,True
idle_pcie_check_5hz.txt,5,200,GPU4,56,3036803,2853653,3.0368,2.8537,15.184,14.268,valid,valid,True
idle_pcie_check_5hz.txt,5,200,GPU4,57,1388789,1255151,1.3888,1.2552,6.944,6.276,valid,valid,True
idle_pcie_check_5hz.txt,5,200,GPU4,58,3149649,3023873,3.1496,3.0239,15.748,15.119,valid,valid,True
idle_pcie_check_5hz.txt,5,200,GPU4,59,3415323,3245867,3.4153,3.2459,17.077,16.229,valid,valid,True
idle_pcie_check_5hz.txt,5,200,GPU4,60,2308536,2211583,2.3085,2.2116,11.543,11.058,valid,valid,True
idle_pcie_check_5hz.txt,5,200,GPU4,61,2308536,2211583,2.3085,2.2116,11.543,11.058,valid,valid,True
idle_pcie_check_5hz.txt,5,200,GPU4,62,3313213,3186554,3.3132,3.1866,16.566,15.933,valid,valid,True
idle_pcie_check_5hz.txt,5,200,GPU4,63,1242748,1134458,1.2427,1.1345,6.214,5.672,valid,valid,True
idle_pcie_check_5hz.txt,5,200,GPU4,64,3680213,3523385,3.6802,3.5234,18.401,17.617,valid,valid,True
idle_pcie_check_5hz.txt,5,200,GPU4,65,2794985,2719020,2.795,2.719,13.975,13.595,valid,valid,True
idle_pcie_check_5hz.txt,5,200,GPU4,66,2545589,2422119,2.5456,2.4221,12.728,12.111,valid,valid,True
idle_pcie_check_5hz.txt,5,200,GPU4,67,4708915,4404945,4.7089,4.4049,23.545,22.025,valid,valid,True
idle_pcie_check_5hz.txt,5,200,GPU4,68,3115023,2958095,3.115,2.9581,15.575,14.79,valid,valid,True
idle_pcie_check_5hz.txt,5,200,GPU4,69,4402122,4090305,4.4021,4.0903,22.011,20.452,valid,valid,True
idle_pcie_check_5hz.txt,5,200,GPU4,70,4402122,4090305,4.4021,4.0903,22.011,20.452,valid,valid,True
idle_pcie_check_5hz.txt,5,200,GPU4,71,141503,15722,0.1415,0.0157,0.708,0.079,valid,valid,True
idle_pcie_check_5hz.txt,5,200,GPU4,72,3570344,3358167,3.5703,3.3582,17.852,16.791,valid,valid,True
idle_pcie_check_5hz.txt,5,200,GPU4,73,3570344,3173283,3.5703,3.1733,17.852,15.866,valid,valid,True
idle_pcie_check_5hz.txt,5,200,GPU4,74,3437942,3885998,3.4379,3.886,17.19,19.43,valid,valid,True
idle_pcie_check_5hz.txt,5,200,GPU4,75,4137553,2187985,4.1376,2.188,20.688,10.94,valid,valid,True
idle_pcie_check_5hz.txt,5,200,GPU4,76,4107583,3882294,4.1076,3.8823,20.538,19.411,valid,valid,True
idle_pcie_check_5hz.txt,5,200,GPU4,77,2165074,2060355,2.1651,2.0604,10.825,10.302,valid,valid,True
idle_pcie_check_5hz.txt,5,200,GPU4,78,1695414,1531116,1.6954,1.5311,8.477,7.656,valid,valid,True
idle_pcie_check_5hz.txt,5,200,GPU4,79,1695414,1531116,1.6954,1.5311,8.477,7.656,valid,valid,True
idle_pcie_check_5hz.txt,5,200,GPU4,80,3655386,3581640,3.6554,3.5816,18.277,17.908,valid,valid,True
idle_pcie_check_5hz.txt,5,200,GPU4,81,1598527,1404607,1.5985,1.4046,7.993,7.023,valid,valid,True
idle_pcie_check_5hz.txt,5,200,GPU4,82,649843,518826,0.6498,0.5188,3.249,2.594,valid,valid,True
idle_pcie_check_5hz.txt,5,200,GPU4,83,4479005,4204745,4.479,4.2047,22.395,21.024,valid,valid,True
idle_pcie_check_5hz.txt,5,200,GPU4,84,2164393,2025516,2.1644,2.0255,10.822,10.128,valid,valid,True
idle_pcie_check_5hz.txt,5,200,GPU4,85,2056960,1965248,2.057,1.9652,10.285,9.826,valid,valid,True
idle_pcie_check_5hz.txt,5,200,GPU4,86,4459824,4213511,4.4598,4.2135,22.299,21.068,valid,valid,True
idle_pcie_check_5hz.txt,5,200,GPU4,87,4459824,4213511,4.4598,4.2135,22.299,21.068,valid,valid,True
idle_pcie_check_5hz.txt,5,200,GPU4,88,3376551,3206444,3.3766,3.2064,16.883,16.032,valid,valid,True
idle_pcie_check_5hz.txt,5,200,GPU4,89,3376551,0,3.3766,0.0,16.883,0.0,valid,empty_zero,True
idle_pcie_check_5hz.txt,5,200,GPU4,90,0,2302392,0.0,2.3024,0.0,11.512,empty_zero,valid,True
idle_pcie_check_5hz.txt,5,200,GPU4,91,2398230,2184009,2.3982,2.184,11.991,10.92,valid,valid,True
idle_pcie_check_5hz.txt,5,200,GPU4,92,3769550,3541331,3.7696,3.5413,18.848,17.707,valid,valid,True
idle_pcie_check_5hz.txt,5,200,GPU4,93,2463120,2350445,2.4631,2.3504,12.316,11.752,valid,valid,True
idle_pcie_check_5hz.txt,5,200,GPU4,94,2563682,2411799,2.5637,2.4118,12.818,12.059,valid,valid,True
idle_pcie_check_5hz.txt,5,200,GPU4,95,2563682,2411799,2.5637,2.4118,12.818,12.059,valid,valid,True
idle_pcie_check_5hz.txt,5,200,GPU4,96,2563682,2862281,2.5637,2.8623,12.818,14.311,valid,valid,True
idle_pcie_check_10hz.txt,10,100,GPU4,0,,,,,,,warmup_NA,warmup_NA,True
idle_pcie_check_10hz.txt,10,100,GPU4,1,,,,,,,warmup_NA,warmup_NA,True
idle_pcie_check_10hz.txt,10,100,GPU4,2,717977,613163,0.718,0.6132,7.18,6.132,valid,valid,True
idle_pcie_check_10hz.txt,10,100,GPU4,3,136262,2283250,0.1363,2.2832,1.363,22.832,valid,valid,True
idle_pcie_check_10hz.txt,10,100,GPU4,4,1692726,20963,1.6927,0.021,16.927,0.21,valid,valid,True
idle_pcie_check_10hz.txt,10,100,GPU4,5,3914872,1587913,3.9149,1.5879,39.149,15.879,valid,valid,True
idle_pcie_check_10hz.txt,10,100,GPU4,6,1063883,3595184,1.0639,3.5952,10.639,35.952,valid,valid,True
idle_pcie_check_10hz.txt,10,100,GPU4,7,1063862,880455,1.0639,0.8805,10.639,8.805,valid,valid,True
idle_pcie_check_10hz.txt,10,100,GPU4,8,2421178,890918,2.4212,0.8909,24.212,8.909,valid,valid,True
idle_pcie_check_10hz.txt,10,100,GPU4,9,2311132,2248237,2.3111,2.2482,23.111,22.482,valid,valid,True
idle_pcie_check_10hz.txt,10,100,GPU4,10,141506,2190597,0.1415,2.1906,1.415,21.906,valid,valid,True
idle_pcie_check_10hz.txt,10,100,GPU4,11,2339271,26204,2.3393,0.0262,23.393,0.262,valid,valid,True
idle_pcie_check_10hz.txt,10,100,GPU4,12,3972860,2157327,3.9729,2.1573,39.729,21.573,valid,valid,True
idle_pcie_check_10hz.txt,10,100,GPU4,13,1063888,3700316,1.0639,3.7003,10.639,37.003,valid,valid,True
idle_pcie_check_10hz.txt,10,100,GPU4,14,1069137,880459,1.0691,0.8805,10.691,8.805,valid,valid,True
idle_pcie_check_10hz.txt,10,100,GPU4,15,2635983,880466,2.636,0.8805,26.36,8.805,valid,valid,True
idle_pcie_check_10hz.txt,10,100,GPU4,16,2138247,2478767,2.1382,2.4788,21.382,24.788,valid,valid,True
idle_pcie_check_10hz.txt,10,100,GPU4,17,138776,15710,0.1388,0.0157,1.388,0.157,valid,valid,True
idle_pcie_check_10hz.txt,10,100,GPU4,18,138776,15710,0.1388,0.0157,1.388,0.157,valid,valid,True
idle_pcie_check_10hz.txt,10,100,GPU4,19,5639211,5453159,5.6392,5.4532,56.392,54.532,valid,valid,True
idle_pcie_check_10hz.txt,10,100,GPU4,20,1063646,880259,1.0636,0.8803,10.636,8.803,valid,valid,True
idle_pcie_check_10hz.txt,10,100,GPU4,21,4024925,3778608,4.0249,3.7786,40.249,37.786,valid,valid,True
idle_pcie_check_10hz.txt,10,100,GPU4,22,1063903,880472,1.0639,0.8805,10.639,8.805,valid,valid,True
idle_pcie_check_10hz.txt,10,100,GPU4,23,1058615,875192,1.0586,0.8752,10.586,8.752,valid,valid,True
idle_pcie_check_10hz.txt,10,100,GPU4,24,2300653,2111989,2.3007,2.112,23.007,21.12,valid,valid,True
idle_pcie_check_10hz.txt,10,100,GPU4,25,1498843,1378307,1.4988,1.3783,14.988,13.783,valid,valid,True
idle_pcie_check_10hz.txt,10,100,GPU4,26,4187291,4003867,4.1873,4.0039,41.873,40.039,valid,valid,True
idle_pcie_check_10hz.txt,10,100,GPU4,27,2584351,2463654,2.5844,2.4637,25.844,24.637,valid,valid,True
idle_pcie_check_10hz.txt,10,100,GPU4,28,2584351,2463654,2.5844,2.4637,25.844,24.637,valid,valid,True
idle_pcie_check_10hz.txt,10,100,GPU4,29,4648713,4496726,4.6487,4.4967,46.487,44.967,valid,valid,True
idle_pcie_check_10hz.txt,10,100,GPU4,30,1074429,896231,1.0744,0.8962,10.744,8.962,valid,valid,True
idle_pcie_check_10hz.txt,10,100,GPU4,31,2300623,2148646,2.3006,2.1486,23.006,21.486,valid,valid,True
idle_pcie_check_10hz.txt,10,100,GPU4,32,2803788,2520789,2.8038,2.5208,28.038,25.208,valid,valid,True
idle_pcie_check_10hz.txt,10,100,GPU4,33,1069116,890930,1.0691,0.8909,10.691,8.909,valid,valid,True
idle_pcie_check_10hz.txt,10,100,GPU4,34,1069100,890916,1.0691,0.8909,10.691,8.909,valid,valid,True
idle_pcie_check_10hz.txt,10,100,GPU4,35,2746143,2583680,2.7461,2.5837,27.461,25.837,valid,valid,True
idle_pcie_check_10hz.txt,10,100,GPU4,36,3637024,3427397,3.637,3.4274,36.37,34.274,valid,valid,True
idle_pcie_check_10hz.txt,10,100,GPU4,37,2666981,2560420,2.667,2.5604,26.67,25.604,valid,valid,True
idle_pcie_check_10hz.txt,10,100,GPU4,38,141497,31443,0.1415,0.0314,1.415,0.314,valid,valid,True
idle_pcie_check_10hz.txt,10,100,GPU4,39,4035409,3783851,4.0354,3.7839,40.354,37.839,valid,valid,True
idle_pcie_check_10hz.txt,10,100,GPU4,40,1111048,2028187,1.111,2.0282,11.11,20.282,valid,valid,True
idle_pcie_check_10hz.txt,10,100,GPU4,41,1069108,880442,1.0691,0.8804,10.691,8.804,valid,valid,True
idle_pcie_check_10hz.txt,10,100,GPU4,42,2284915,2117214,2.2849,2.1172,22.849,21.172,valid,valid,True
idle_pcie_check_10hz.txt,10,100,GPU4,43,141504,1902463,0.1415,1.9025,1.415,19.025,valid,valid,True
idle_pcie_check_10hz.txt,10,100,GPU4,44,2290119,31445,2.2901,0.0314,22.901,0.314,valid,valid,True
idle_pcie_check_10hz.txt,10,100,GPU4,45,2793371,2578350,2.7934,2.5783,27.934,25.783,valid,valid,True
idle_pcie_check_10hz.txt,10,100,GPU4,46,1063881,3495645,1.0639,3.4956,10.639,34.956,valid,valid,True
idle_pcie_check_10hz.txt,10,100,GPU4,47,1063818,880453,1.0638,0.8805,10.638,8.805,valid,valid,True
idle_pcie_check_10hz.txt,10,100,GPU4,48,1797635,1996790,1.7976,1.9968,17.976,19.968,valid,valid,True
idle_pcie_check_10hz.txt,10,100,GPU4,49,744210,1409807,0.7442,1.4098,7.442,14.098,valid,valid,True
idle_pcie_check_10hz.txt,10,100,GPU4,50,1509344,1409769,1.5093,1.4098,15.093,14.098,valid,valid,True
idle_pcie_check_10hz.txt,10,100,GPU4,51,629080,476416,0.6291,0.4764,6.291,4.764,valid,valid,True
idle_pcie_check_10hz.txt,10,100,GPU4,52,629080,476416,0.6291,0.4764,6.291,4.764,valid,valid,True
idle_pcie_check_10hz.txt,10,100,GPU4,53,3409948,3266702,3.4099,3.2667,34.099,32.667,valid,valid,True
idle_pcie_check_10hz.txt,10,100,GPU4,54,0,0,0.0,0.0,0.0,0.0,empty_zero,empty_zero,True
idle_pcie_check_10hz.txt,10,100,GPU4,55,1881443,1745182,1.8814,1.7452,18.814,17.452,valid,valid,True
idle_pcie_check_10hz.txt,10,100,GPU4,56,4659092,4643369,4.6591,4.6434,46.591,46.434,valid,valid,True
idle_pcie_check_10hz.txt,10,100,GPU4,57,1068871,890726,1.0689,0.8907,10.689,8.907,valid,valid,True
idle_pcie_check_10hz.txt,10,100,GPU4,58,1352135,1163465,1.3521,1.1635,13.521,11.635,valid,valid,True
idle_pcie_check_10hz.txt,10,100,GPU4,59,1058162,896571,1.0582,0.8966,10.582,8.966,valid,valid,True
idle_pcie_check_10hz.txt,10,100,GPU4,60,2834536,2635069,2.8345,2.6351,28.345,26.351,valid,valid,True
idle_pcie_check_10hz.txt,10,100,GPU4,61,3029135,2961005,3.0291,2.961,30.291,29.61,valid,valid,True
idle_pcie_check_10hz.txt,10,100,GPU4,62,1972406,1848970,1.9724,1.849,19.724,18.49,valid,valid,True
idle_pcie_check_10hz.txt,10,100,GPU4,63,1729412,1635080,1.7294,1.6351,17.294,16.351,valid,valid,True
idle_pcie_check_10hz.txt,10,100,GPU4,64,4098288,3810046,4.0983,3.81,40.983,38.1,valid,valid,True
idle_pcie_check_10hz.txt,10,100,GPU4,65,1504089,1346867,1.5041,1.3469,15.041,13.469,valid,valid,True
idle_pcie_check_10hz.txt,10,100,GPU4,66,1061893,899732,1.0619,0.8997,10.619,8.997,valid,valid,True
idle_pcie_check_10hz.txt,10,100,GPU4,67,2646678,2531377,2.6467,2.5314,26.467,25.314,valid,valid,True
idle_pcie_check_10hz.txt,10,100,GPU4,68,2043905,1936469,2.0439,1.9365,20.439,19.365,valid,valid,True
idle_pcie_check_10hz.txt,10,100,GPU4,69,3128793,414026,3.1288,0.414,31.288,4.14,valid,valid,True
idle_pcie_check_10hz.txt,10,100,GPU4,70,141494,3010001,0.1415,3.01,1.415,30.1,valid,valid,True
idle_pcie_check_10hz.txt,10,100,GPU4,71,2955830,10481,2.9558,0.0105,29.558,0.105,valid,valid,True
idle_pcie_check_10hz.txt,10,100,GPU4,72,0,2772401,0.0,2.7724,0.0,27.724,empty_zero,valid,True
idle_pcie_check_10hz.txt,10,100,GPU4,73,1063881,0,1.0639,0.0,10.639,0.0,valid,empty_zero,True
idle_pcie_check_10hz.txt,10,100,GPU4,74,1074348,911898,1.0743,0.9119,10.743,9.119,valid,valid,True
idle_pcie_check_10hz.txt,10,100,GPU4,75,869977,1420236,0.87,1.4202,8.7,14.202,valid,valid,True
idle_pcie_check_10hz.txt,10,100,GPU4,76,1171302,676066,1.1713,0.6761,11.713,6.761,valid,valid,True
idle_pcie_check_10hz.txt,10,100,GPU4,77,2353070,1168682,2.3531,1.1687,23.531,11.687,valid,valid,True
idle_pcie_check_10hz.txt,10,100,GPU4,78,136266,2211571,0.1363,2.2116,1.363,22.116,valid,valid,True
idle_pcie_check_10hz.txt,10,100,GPU4,79,3154822,15723,3.1548,0.0157,31.548,0.157,valid,valid,True
idle_pcie_check_10hz.txt,10,100,GPU4,80,2091046,2981883,2.091,2.9819,20.91,29.819,valid,valid,True
idle_pcie_check_10hz.txt,10,100,GPU4,81,2091046,2981883,2.091,2.9819,20.91,29.819,valid,valid,True
idle_pcie_check_10hz.txt,10,100,GPU4,82,1058655,969560,1.0587,0.9696,10.587,9.696,valid,valid,True
idle_pcie_check_10hz.txt,10,100,GPU4,83,1126766,1032432,1.1268,1.0324,11.268,10.324,valid,valid,True
idle_pcie_check_10hz.txt,10,100,GPU4,84,1365255,1247335,1.3653,1.2473,13.653,12.473,valid,valid,True
idle_pcie_check_10hz.txt,10,100,GPU4,85,1163404,1079555,1.1634,1.0796,11.634,10.796,valid,valid,True
idle_pcie_check_10hz.txt,10,100,GPU4,86,1163404,1079555,1.1634,1.0796,11.634,10.796,valid,valid,True
idle_pcie_check_10hz.txt,10,100,GPU4,87,141507,15723,0.1415,0.0157,1.415,0.157,valid,valid,True
idle_pcie_check_10hz.txt,10,100,GPU4,88,1168655,1016677,1.1687,1.0167,11.687,10.167,valid,valid,True
idle_pcie_check_10hz.txt,10,100,GPU4,89,2683167,2484026,2.6832,2.484,26.832,24.84,valid,valid,True
idle_pcie_check_10hz.txt,10,100,GPU4,90,1593209,1456948,1.5932,1.4569,15.932,14.569,valid,valid,True
idle_pcie_check_10hz.txt,10,100,GPU4,91,1069111,911889,1.0691,0.9119,10.691,9.119,valid,valid,True
idle_pcie_check_10hz.txt,10,100,GPU4,92,1074377,901428,1.0744,0.9014,10.744,9.014,valid,valid,True
idle_pcie_check_10hz.txt,10,100,GPU4,93,1074377,1462199,1.0744,1.4622,10.744,14.622,valid,valid,True
idle_pcie_check_10hz.txt,10,100,GPU4,94,1629906,2136767,1.6299,2.1368,16.299,21.368,valid,valid,True
idle_pcie_check_10hz.txt,10,100,GPU4,95,1163411,0,1.1634,0.0,11.634,0.0,valid,empty_zero,True
idle_pcie_check_10hz.txt,10,100,GPU4,96,1352072,1058600,1.3521,1.0586,13.521,10.586,valid,valid,True
idle_pcie_check_10hz.txt,10,100,GPU4,97,4098320,1346831,4.0983,1.3468,40.983,13.468,valid,valid,True
idle_pcie_check_10hz.txt,10,100,GPU4,98,1074374,3956818,1.0744,3.9568,10.744,39.568,valid,valid,True
idle_pcie_check_10hz.txt,10,100,GPU4,99,1493622,1132023,1.4936,1.132,14.936,11.32,valid,valid,True
idle_pcie_check_10hz.txt,10,100,GPU4,100,2515575,1650845,2.5156,1.6508,25.156,16.508,valid,valid,True
idle_pcie_check_10hz.txt,10,100,GPU4,101,1058642,2740928,1.0586,2.7409,10.586,27.409,valid,valid,True
idle_pcie_check_10hz.txt,10,100,GPU4,102,1063894,896177,1.0639,0.8962,10.639,8.962,valid,valid,True
idle_pcie_check_10hz.txt,10,100,GPU4,103,1058595,1194915,1.0586,1.1949,10.586,11.949,valid,valid,True
idle_pcie_check_10hz.txt,10,100,GPU4,104,943327,2080507,0.9433,2.0805,9.433,20.805,valid,valid,True
idle_pcie_check_10hz.txt,10,100,GPU4,105,1173960,1724192,1.174,1.7242,11.74,17.242,valid,valid,True
idle_pcie_check_10hz.txt,10,100,GPU4,106,1739858,1991540,1.7399,1.9915,17.399,19.915,valid,valid,True
idle_pcie_check_10hz.txt,10,100,GPU4,107,2982054,2379203,2.9821,2.3792,29.821,23.792,valid,valid,True
idle_pcie_check_10hz.txt,10,100,GPU4,108,1069105,3223134,1.0691,3.2231,10.691,32.231,valid,valid,True
idle_pcie_check_10hz.txt,10,100,GPU4,109,1058639,1006216,1.0586,1.0062,10.586,10.062,valid,valid,True
idle_pcie_check_10hz.txt,10,100,GPU4,110,1058649,1373086,1.0586,1.3731,10.586,13.731,valid,valid,True
idle_pcie_check_10hz.txt,10,100,GPU4,111,1058636,1975796,1.0586,1.9758,10.586,19.758,valid,valid,True
idle_pcie_check_10hz.txt,10,100,GPU4,112,1058637,1629880,1.0586,1.6299,10.586,16.299,valid,valid,True
idle_pcie_check_10hz.txt,10,100,GPU4,113,1063888,896173,1.0639,0.8962,10.639,8.962,valid,valid,True
idle_pcie_check_10hz.txt,10,100,GPU4,114,1063883,890941,1.0639,0.8909,10.639,8.909,valid,valid,True
idle_pcie_check_10hz.txt,10,100,GPU4,115,1158162,1006186,1.1582,1.0062,11.582,10.062,valid,valid,True
idle_pcie_check_10hz.txt,10,100,GPU4,116,1755633,1566968,1.7556,1.567,17.556,15.67,valid,valid,True
idle_pcie_check_10hz.txt,10,100,GPU4,117,2903405,2641365,2.9034,2.6414,29.034,26.414,valid,valid,True
idle_pcie_check_10hz.txt,10,100,GPU4,118,1063873,901410,1.0639,0.9014,10.639,9.014,valid,valid,True
idle_pcie_check_10hz.txt,10,100,GPU4,119,1063883,890936,1.0639,0.8909,10.639,8.909,valid,valid,True
idle_pcie_check_10hz.txt,10,100,GPU4,120,1063880,901415,1.0639,0.9014,10.639,9.014,valid,valid,True
idle_pcie_check_10hz.txt,10,100,GPU4,121,1058645,890939,1.0586,0.8909,10.586,8.909,valid,valid,True
idle_pcie_check_10hz.txt,10,100,GPU4,122,1063869,906647,1.0639,0.9066,10.639,9.066,valid,valid,True
idle_pcie_check_10hz.txt,10,100,GPU4,123,1058652,885704,1.0587,0.8857,10.587,8.857,valid,valid,True
idle_pcie_check_10hz.txt,10,100,GPU4,124,1063885,896179,1.0639,0.8962,10.639,8.962,valid,valid,True
idle_pcie_check_20hz.txt,20,50,GPU4,0,2911076,2766634,2.9111,2.7666,58.222,55.333,valid,valid,False
idle_pcie_check_20hz.txt,20,50,GPU4,1,0,0,0.0,0.0,0.0,0.0,empty_zero,empty_zero,False
idle_pcie_check_20hz.txt,20,50,GPU4,2,2059639,1928619,2.0596,1.9286,41.193,38.572,valid,valid,False
idle_pcie_check_20hz.txt,20,50,GPU4,3,2059639,0,2.0596,0.0,41.193,0.0,valid,empty_zero,False
idle_pcie_check_20hz.txt,20,50,GPU4,4,3652792,3464125,3.6528,3.4641,73.056,69.282,valid,valid,False
idle_pcie_check_20hz.txt,20,50,GPU4,5,4300971,4039354,4.301,4.0394,86.019,80.787,valid,valid,False
idle_pcie_check_20hz.txt,20,50,GPU4,6,0,0,0.0,0.0,0.0,0.0,empty_zero,empty_zero,False
idle_pcie_check_20hz.txt,20,50,GPU4,7,4379217,4115222,4.3792,4.1152,87.584,82.304,valid,valid,False
idle_pcie_check_20hz.txt,20,50,GPU4,8,0,0,0.0,0.0,0.0,0.0,empty_zero,empty_zero,False
idle_pcie_check_20hz.txt,20,50,GPU4,9,0,0,0.0,0.0,0.0,0.0,empty_zero,empty_zero,False
idle_pcie_check_20hz.txt,20,50,GPU4,10,1572312,1451768,1.5723,1.4518,31.446,29.035,valid,valid,False
idle_pcie_check_20hz.txt,20,50,GPU4,11,2007170,1855191,2.0072,1.8552,40.143,37.104,valid,valid,False
idle_pcie_check_20hz.txt,20,50,GPU4,12,0,0,0.0,0.0,0.0,0.0,empty_zero,empty_zero,False
idle_pcie_check_20hz.txt,20,50,GPU4,13,0,0,0.0,0.0,0.0,0.0,empty_zero,empty_zero,False
idle_pcie_check_20hz.txt,20,50,GPU4,14,12168963,11503391,12.169,11.5034,243.379,230.068,valid,valid,False
idle_pcie_check_20hz.txt,20,50,GPU4,15,3631830,3395997,3.6318,3.396,72.637,67.92,valid,valid,False
idle_pcie_check_20hz.txt,20,50,GPU4,16,0,0,0.0,0.0,0.0,0.0,empty_zero,empty_zero,False
idle_pcie_check_20hz.txt,20,50,GPU4,17,4548917,4286882,4.5489,4.2869,90.978,85.738,valid,valid,False
idle_pcie_check_20hz.txt,20,50,GPU4,18,0,0,0.0,0.0,0.0,0.0,empty_zero,empty_zero,False
idle_pcie_check_20hz.txt,20,50,GPU4,19,0,0,0.0,0.0,0.0,0.0,empty_zero,empty_zero,False
idle_pcie_check_20hz.txt,20,50,GPU4,20,0,0,0.0,0.0,0.0,0.0,empty_zero,empty_zero,False
idle_pcie_check_20hz.txt,20,50,GPU4,21,136264,786498,0.1363,0.7865,2.725,15.73,valid,valid,False
idle_pcie_check_20hz.txt,20,50,GPU4,22,0,26204,0.0,0.0262,0.0,0.524,empty_zero,valid,False
idle_pcie_check_20hz.txt,20,50,GPU4,23,613128,0,0.6131,0.0,12.263,0.0,valid,empty_zero,False
idle_pcie_check_20hz.txt,20,50,GPU4,24,0,822744,0.0,0.8227,0.0,16.455,empty_zero,valid,False
idle_pcie_check_20hz.txt,20,50,GPU4,25,6257335,0,6.2573,0.0,125.147,0.0,valid,empty_zero,False
idle_pcie_check_20hz.txt,20,50,GPU4,26,0,5565569,0.0,5.5656,0.0,111.311,empty_zero,valid,False
idle_pcie_check_20hz.txt,20,50,GPU4,27,3600332,0,3.6003,0.0,72.007,0.0,valid,empty_zero,False
idle_pcie_check_20hz.txt,20,50,GPU4,28,0,3374983,0.0,3.375,0.0,67.5,empty_zero,valid,False
idle_pcie_check_20hz.txt,20,50,GPU4,29,5235457,0,5.2355,0.0,104.709,0.0,valid,empty_zero,False
idle_pcie_check_20hz.txt,20,50,GPU4,30,8846309,4915774,8.8463,4.9158,176.926,98.315,valid,valid,False
idle_pcie_check_20hz.txt,20,50,GPU4,31,3364503,8301276,3.3645,8.3013,67.29,166.026,valid,valid,False
idle_pcie_check_20hz.txt,20,50,GPU4,32,0,3154877,0.0,3.1549,0.0,63.098,empty_zero,valid,False
idle_pcie_check_20hz.txt,20,50,GPU4,33,0,0,0.0,0.0,0.0,0.0,empty_zero,empty_zero,False
idle_pcie_check_20hz.txt,20,50,GPU4,34,3778447,0,3.7784,0.0,75.569,0.0,valid,empty_zero,False
idle_pcie_check_20hz.txt,20,50,GPU4,35,0,3589787,0.0,3.5898,0.0,71.796,empty_zero,valid,False
idle_pcie_check_20hz.txt,20,50,GPU4,36,5465850,0,5.4658,0.0,109.317,0.0,valid,empty_zero,False
idle_pcie_check_20hz.txt,20,50,GPU4,37,3474605,5198584,3.4746,5.1986,69.492,103.972,valid,valid,False
idle_pcie_check_20hz.txt,20,50,GPU4,38,0,3369790,0.0,3.3698,0.0,67.396,empty_zero,valid,False
idle_pcie_check_20hz.txt,20,50,GPU4,39,0,0,0.0,0.0,0.0,0.0,empty_zero,empty_zero,False
idle_pcie_check_20hz.txt,20,50,GPU4,40,4643120,0,4.6431,0.0,92.862,0.0,valid,empty_zero,False
idle_pcie_check_20hz.txt,20,50,GPU4,41,0,4480663,0.0,4.4807,0.0,89.613,empty_zero,valid,False
idle_pcie_check_20hz.txt,20,50,GPU4,42,3616866,0,3.6169,0.0,72.337,0.0,valid,empty_zero,False
idle_pcie_check_20hz.txt,20,50,GPU4,43,141510,26205,0.1415,0.0262,2.83,0.524,valid,valid,False
idle_pcie_check_20hz.txt,20,50,GPU4,44,141495,15721,0.1415,0.0157,2.83,0.314,valid,valid,False
idle_pcie_check_20hz.txt,20,50,GPU4,45,0,0,0.0,0.0,0.0,0.0,empty_zero,empty_zero,False
idle_pcie_check_20hz.txt,20,50,GPU4,46,3904348,3694719,3.9043,3.6947,78.087,73.894,valid,valid,False
idle_pcie_check_20hz.txt,20,50,GPU4,47,0,0,0.0,0.0,0.0,0.0,empty_zero,empty_zero,False
idle_pcie_check_20hz.txt,20,50,GPU4,48,4422661,4145591,4.4227,4.1456,88.453,82.912,valid,valid,False
idle_pcie_check_20hz.txt,20,50,GPU4,49,0,0,0.0,0.0,0.0,0.0,empty_zero,empty_zero,False
idle_pcie_check_20hz.txt,20,50,GPU4,50,8401771,7907858,8.4018,7.9079,168.035,158.157,valid,valid,False
idle_pcie_check_20hz.txt,20,50,GPU4,51,0,0,0.0,0.0,0.0,0.0,empty_zero,empty_zero,False
idle_pcie_check_20hz.txt,20,50,GPU4,52,3044810,2919035,3.0448,2.919,60.896,58.381,valid,valid,False
idle_pcie_check_20hz.txt,20,50,GPU4,53,3526996,3322609,3.527,3.3226,70.54,66.452,valid,valid,False
idle_pcie_check_20hz.txt,20,50,GPU4,54,0,0,0.0,0.0,0.0,0.0,empty_zero,empty_zero,False
idle_pcie_check_20hz.txt,20,50,GPU4,55,0,0,0.0,0.0,0.0,0.0,empty_zero,empty_zero,False
idle_pcie_check_20hz.txt,20,50,GPU4,56,3589863,3343551,3.5899,3.3436,71.797,66.871,valid,valid,False
idle_pcie_check_20hz.txt,20,50,GPU4,57,0,0,0.0,0.0,0.0,0.0,empty_zero,empty_zero,False
idle_pcie_check_20hz.txt,20,50,GPU4,58,6922637,6907080,6.9226,6.9071,138.453,138.142,valid,valid,False
idle_pcie_check_20hz.txt,20,50,GPU4,59,0,0,0.0,0.0,0.0,0.0,empty_zero,empty_zero,False
idle_pcie_check_20hz.txt,20,50,GPU4,60,3093871,2565004,3.0939,2.565,61.877,51.3,valid,valid,False
idle_pcie_check_20hz.txt,20,50,GPU4,61,0,0,0.0,0.0,0.0,0.0,empty_zero,empty_zero,False
idle_pcie_check_20hz.txt,20,50,GPU4,62,6068790,5827716,6.0688,5.8277,121.376,116.554,valid,valid,False
idle_pcie_check_20hz.txt,20,50,GPU4,63,6472280,5895802,6.4723,5.8958,129.446,117.916,valid,valid,False
idle_pcie_check_20hz.txt,20,50,GPU4,64,6393668,6115910,6.3937,6.1159,127.873,122.318,valid,valid,False
idle_pcie_check_20hz.txt,20,50,GPU4,65,0,0,0.0,0.0,0.0,0.0,empty_zero,empty_zero,False
idle_pcie_check_20hz.txt,20,50,GPU4,66,2879290,2696726,2.8793,2.6967,57.586,53.935,valid,valid,False
idle_pcie_check_20hz.txt,20,50,GPU4,67,0,0,0.0,0.0,0.0,0.0,empty_zero,empty_zero,False
idle_pcie_check_20hz.txt,20,50,GPU4,68,0,2554895,0.0,2.5549,0.0,51.098,empty_zero,valid,False
idle_pcie_check_20hz.txt,20,50,GPU4,69,0,0,0.0,0.0,0.0,0.0,empty_zero,empty_zero,False
idle_pcie_check_20hz.txt,20,50,GPU4,70,1467343,0,1.4673,0.0,29.347,0.0,valid,empty_zero,False
idle_pcie_check_20hz.txt,20,50,GPU4,71,0,1341571,0.0,1.3416,0.0,26.831,empty_zero,valid,False
idle_pcie_check_20hz.txt,20,50,GPU4,72,9832027,0,9.832,0.0,196.641,0.0,valid,empty_zero,False
idle_pcie_check_20hz.txt,20,50,GPU4,73,0,9225693,0.0,9.2257,0.0,184.514,empty_zero,valid,False
idle_pcie_check_20hz.txt,20,50,GPU4,74,5953834,0,5.9538,0.0,119.077,0.0,valid,empty_zero,False
idle_pcie_check_20hz.txt,20,50,GPU4,75,0,5503104,0.0,5.5031,0.0,110.062,empty_zero,valid,False
idle_pcie_check_20hz.txt,20,50,GPU4,76,4108724,0,4.1087,0.0,82.174,0.0,valid,empty_zero,False
idle_pcie_check_20hz.txt,20,50,GPU4,77,0,3925299,0.0,3.9253,0.0,78.506,empty_zero,valid,False
idle_pcie_check_20hz.txt,20,50,GPU4,78,5015330,4748055,5.0153,4.7481,100.307,94.961,valid,valid,False
idle_pcie_check_20hz.txt,20,50,GPU4,79,0,0,0.0,0.0,0.0,0.0,empty_zero,empty_zero,False
idle_pcie_check_20hz.txt,20,50,GPU4,80,3899057,3600338,3.8991,3.6003,77.981,72.007,valid,valid,False
idle_pcie_check_20hz.txt,20,50,GPU4,81,4470225,4360173,4.4702,4.3602,89.404,87.203,valid,valid,False
idle_pcie_check_20hz.txt,20,50,GPU4,82,0,0,0.0,0.0,0.0,0.0,empty_zero,empty_zero,False
idle_pcie_check_20hz.txt,20,50,GPU4,83,0,0,0.0,0.0,0.0,0.0,empty_zero,empty_zero,False
idle_pcie_check_20hz.txt,20,50,GPU4,84,2809020,2620354,2.809,2.6204,56.18,52.407,valid,valid,False
idle_pcie_check_20hz.txt,20,50,GPU4,85,3164161,3002830,3.1642,3.0028,63.283,60.057,valid,valid,False
idle_pcie_check_20hz.txt,20,50,GPU4,86,0,0,0.0,0.0,0.0,0.0,empty_zero,empty_zero,False
idle_pcie_check_20hz.txt,20,50,GPU4,87,8699842,8243887,8.6998,8.2439,173.997,164.878,valid,valid,False
idle_pcie_check_20hz.txt,20,50,GPU4,88,0,0,0.0,0.0,0.0,0.0,empty_zero,empty_zero,False
idle_pcie_check_20hz.txt,20,50,GPU4,89,3485073,3212556,3.4851,3.2126,69.701,64.251,valid,valid,False
idle_pcie_check_20hz.txt,20,50,GPU4,90,0,0,0.0,0.0,0.0,0.0,empty_zero,empty_zero,False
idle_pcie_check_20hz.txt,20,50,GPU4,91,6377870,6058190,6.3779,6.0582,127.557,121.164,valid,valid,False
idle_pcie_check_20hz.txt,20,50,GPU4,92,6377870,6058190,6.3779,6.0582,127.557,121.164,valid,valid,False
idle_pcie_check_20hz.txt,20,50,GPU4,93,3055368,2767125,3.0554,2.7671,61.107,55.343,valid,valid,False
idle_pcie_check_20hz.txt,20,50,GPU4,94,2363551,2111997,2.3636,2.112,47.271,42.24,valid,valid,False
idle_pcie_check_20hz.txt,20,50,GPU4,95,2363551,2111997,2.3636,2.112,47.271,42.24,valid,valid,False
idle_pcie_check_20hz.txt,20,50,GPU4,96,2363551,2111997,2.3636,2.112,47.271,42.24,valid,valid,False
idle_pcie_check_20hz.txt,20,50,GPU4,97,0,5424568,0.0,5.4246,0.0,108.491,empty_zero,valid,False
idle_pcie_check_20hz.txt,20,50,GPU4,98,0,0,0.0,0.0,0.0,0.0,empty_zero,empty_zero,False
idle_pcie_check_20hz.txt,20,50,GPU4,99,141487,0,0.1415,0.0,2.83,0.0,valid,empty_zero,False
idle_pcie_check_20hz.txt,20,50,GPU4,100,0,0,0.0,0.0,0.0,0.0,empty_zero,empty_zero,False
idle_pcie_check_20hz.txt,20,50,GPU4,101,2725031,2573058,2.725,2.5731,54.501,51.461,valid,valid,False
idle_pcie_check_20hz.txt,20,50,GPU4,102,2646539,2803759,2.6465,2.8038,52.931,56.075,valid,valid,False
idle_pcie_check_100hz.txt,100,10,GPU4,0,1945443,1808897,1.9454,1.8089,194.544,180.89,valid,valid,False
idle_pcie_check_100hz.txt,100,10,GPU4,1,0,0,0.0,0.0,0.0,0.0,empty_zero,empty_zero,False
idle_pcie_check_100hz.txt,100,10,GPU4,2,0,0,0.0,0.0,0.0,0.0,empty_zero,empty_zero,False
idle_pcie_check_100hz.txt,100,10,GPU4,3,0,0,0.0,0.0,0.0,0.0,empty_zero,empty_zero,False
idle_pcie_check_100hz.txt,100,10,GPU4,4,0,0,0.0,0.0,0.0,0.0,empty_zero,empty_zero,False
idle_pcie_check_100hz.txt,100,10,GPU4,5,0,0,0.0,0.0,0.0,0.0,empty_zero,empty_zero,False
idle_pcie_check_100hz.txt,100,10,GPU4,6,0,0,0.0,0.0,0.0,0.0,empty_zero,empty_zero,False
idle_pcie_check_100hz.txt,100,10,GPU4,7,0,0,0.0,0.0,0.0,0.0,empty_zero,empty_zero,False
idle_pcie_check_100hz.txt,100,10,GPU4,8,0,0,0.0,0.0,0.0,0.0,empty_zero,empty_zero,False
idle_pcie_check_100hz.txt,100,10,GPU4,9,1163420,979998,1.1634,0.98,116.342,98.0,valid,valid,False
idle_pcie_check_100hz.txt,100,10,GPU4,10,0,0,0.0,0.0,0.0,0.0,empty_zero,empty_zero,False
idle_pcie_check_100hz.txt,100,10,GPU4,11,0,0,0.0,0.0,0.0,0.0,empty_zero,empty_zero,False
idle_pcie_check_100hz.txt,100,10,GPU4,12,0,0,0.0,0.0,0.0,0.0,empty_zero,empty_zero,False
idle_pcie_check_100hz.txt,100,10,GPU4,13,0,0,0.0,0.0,0.0,0.0,empty_zero,empty_zero,False
idle_pcie_check_100hz.txt,100,10,GPU4,14,0,0,0.0,0.0,0.0,0.0,empty_zero,empty_zero,False
idle_pcie_check_100hz.txt,100,10,GPU4,15,0,0,0.0,0.0,0.0,0.0,empty_zero,empty_zero,False
idle_pcie_check_100hz.txt,100,10,GPU4,16,0,0,0.0,0.0,0.0,0.0,empty_zero,empty_zero,False
idle_pcie_check_100hz.txt,100,10,GPU4,17,0,0,0.0,0.0,0.0,0.0,empty_zero,empty_zero,False
idle_pcie_check_100hz.txt,100,10,GPU4,18,7714117,7100971,7.7141,7.101,771.412,710.097,valid,valid,False
idle_pcie_check_100hz.txt,100,10,GPU4,19,0,0,0.0,0.0,0.0,0.0,empty_zero,empty_zero,False
idle_pcie_check_100hz.txt,100,10,GPU4,20,0,0,0.0,0.0,0.0,0.0,empty_zero,empty_zero,False
idle_pcie_check_100hz.txt,100,10,GPU4,21,0,0,0.0,0.0,0.0,0.0,empty_zero,empty_zero,False
idle_pcie_check_100hz.txt,100,10,GPU4,22,0,0,0.0,0.0,0.0,0.0,empty_zero,empty_zero,False
idle_pcie_check_100hz.txt,100,10,GPU4,23,7740392,0,7.7404,0.0,774.039,0.0,valid,empty_zero,False
idle_pcie_check_100hz.txt,100,10,GPU4,24,0,0,0.0,0.0,0.0,0.0,empty_zero,empty_zero,False
idle_pcie_check_100hz.txt,100,10,GPU4,25,0,0,0.0,0.0,0.0,0.0,empty_zero,empty_zero,False
idle_pcie_check_100hz.txt,100,10,GPU4,26,0,0,0.0,0.0,0.0,0.0,empty_zero,empty_zero,False
idle_pcie_check_100hz.txt,100,10,GPU4,27,0,0,0.0,0.0,0.0,0.0,empty_zero,empty_zero,False
idle_pcie_check_100hz.txt,100,10,GPU4,28,0,0,0.0,0.0,0.0,0.0,empty_zero,empty_zero,False
idle_pcie_check_100hz.txt,100,10,GPU4,29,0,0,0.0,0.0,0.0,0.0,empty_zero,empty_zero,False
idle_pcie_check_100hz.txt,100,10,GPU4,30,0,0,0.0,0.0,0.0,0.0,empty_zero,empty_zero,False
idle_pcie_check_100hz.txt,100,10,GPU4,31,0,0,0.0,0.0,0.0,0.0,empty_zero,empty_zero,False
idle_pcie_check_100hz.txt,100,10,GPU4,32,0,0,0.0,0.0,0.0,0.0,empty_zero,empty_zero,False
idle_pcie_check_100hz.txt,100,10,GPU4,33,0,0,0.0,0.0,0.0,0.0,empty_zero,empty_zero,False
idle_pcie_check_100hz.txt,100,10,GPU4,34,0,0,0.0,0.0,0.0,0.0,empty_zero,empty_zero,False
idle_pcie_check_100hz.txt,100,10,GPU4,35,0,0,0.0,0.0,0.0,0.0,empty_zero,empty_zero,False
idle_pcie_check_100hz.txt,100,10,GPU4,36,0,0,0.0,0.0,0.0,0.0,empty_zero,empty_zero,False
idle_pcie_check_100hz.txt,100,10,GPU4,37,0,0,0.0,0.0,0.0,0.0,empty_zero,empty_zero,False
idle_pcie_check_100hz.txt,100,10,GPU4,38,7030103,6736088,7.0301,6.7361,703.01,673.609,valid,valid,False
idle_pcie_check_100hz.txt,100,10,GPU4,39,0,3268170,0.0,3.2682,0.0,326.817,empty_zero,valid,False
idle_pcie_check_100hz.txt,100,10,GPU4,40,0,0,0.0,0.0,0.0,0.0,empty_zero,empty_zero,False
idle_pcie_check_100hz.txt,100,10,GPU4,41,0,0,0.0,0.0,0.0,0.0,empty_zero,empty_zero,False
idle_pcie_check_100hz.txt,100,10,GPU4,42,0,0,0.0,0.0,0.0,0.0,empty_zero,empty_zero,False
idle_pcie_check_100hz.txt,100,10,GPU4,43,0,0,0.0,0.0,0.0,0.0,empty_zero,empty_zero,False
idle_pcie_check_100hz.txt,100,10,GPU4,44,0,0,0.0,0.0,0.0,0.0,empty_zero,empty_zero,False
idle_pcie_check_100hz.txt,100,10,GPU4,45,0,0,0.0,0.0,0.0,0.0,empty_zero,empty_zero,False
idle_pcie_check_100hz.txt,100,10,GPU4,46,0,0,0.0,0.0,0.0,0.0,empty_zero,empty_zero,False
idle_pcie_check_100hz.txt,100,10,GPU4,47,0,0,0.0,0.0,0.0,0.0,empty_zero,empty_zero,False
idle_pcie_check_100hz.txt,100,10,GPU4,48,0,0,0.0,0.0,0.0,0.0,empty_zero,empty_zero,False
idle_pcie_check_100hz.txt,100,10,GPU4,49,0,0,0.0,0.0,0.0,0.0,empty_zero,empty_zero,False
idle_pcie_check_100hz.txt,100,10,GPU4,50,0,0,0.0,0.0,0.0,0.0,empty_zero,empty_zero,False
idle_pcie_check_100hz.txt,100,10,GPU4,51,0,0,0.0,0.0,0.0,0.0,empty_zero,empty_zero,False
idle_pcie_check_100hz.txt,100,10,GPU4,52,6770819,0,6.7708,0.0,677.082,0.0,valid,empty_zero,False
idle_pcie_check_100hz.txt,100,10,GPU4,53,0,6608361,0.0,6.6084,0.0,660.836,empty_zero,valid,False
idle_pcie_check_100hz.txt,100,10,GPU4,54,0,0,0.0,0.0,0.0,0.0,empty_zero,empty_zero,False
idle_pcie_check_100hz.txt,100,10,GPU4,55,0,0,0.0,0.0,0.0,0.0,empty_zero,empty_zero,False
idle_pcie_check_100hz.txt,100,10,GPU4,56,0,0,0.0,0.0,0.0,0.0,empty_zero,empty_zero,False
idle_pcie_check_100hz.txt,100,10,GPU4,57,0,0,0.0,0.0,0.0,0.0,empty_zero,empty_zero,False
idle_pcie_check_100hz.txt,100,10,GPU4,58,0,0,0.0,0.0,0.0,0.0,empty_zero,empty_zero,False
idle_pcie_check_100hz.txt,100,10,GPU4,59,0,0,0.0,0.0,0.0,0.0,empty_zero,empty_zero,False
idle_pcie_check_100hz.txt,100,10,GPU4,60,0,0,0.0,0.0,0.0,0.0,empty_zero,empty_zero,False
idle_pcie_check_100hz.txt,100,10,GPU4,61,7708808,0,7.7088,0.0,770.881,0.0,valid,empty_zero,False
idle_pcie_check_100hz.txt,100,10,GPU4,62,0,6775995,0.0,6.776,0.0,677.6,empty_zero,valid,False
idle_pcie_check_100hz.txt,100,10,GPU4,63,0,0,0.0,0.0,0.0,0.0,empty_zero,empty_zero,False
idle_pcie_check_100hz.txt,100,10,GPU4,64,0,0,0.0,0.0,0.0,0.0,empty_zero,empty_zero,False
idle_pcie_check_100hz.txt,100,10,GPU4,65,0,0,0.0,0.0,0.0,0.0,empty_zero,empty_zero,False
idle_pcie_check_100hz.txt,100,10,GPU4,66,0,0,0.0,0.0,0.0,0.0,empty_zero,empty_zero,False
idle_pcie_check_100hz.txt,100,10,GPU4,67,0,0,0.0,0.0,0.0,0.0,empty_zero,empty_zero,False
idle_pcie_check_100hz.txt,100,10,GPU4,68,0,0,0.0,0.0,0.0,0.0,empty_zero,empty_zero,False
idle_pcie_check_100hz.txt,100,10,GPU4,69,0,0,0.0,0.0,0.0,0.0,empty_zero,empty_zero,False
idle_pcie_check_100hz.txt,100,10,GPU4,70,0,0,0.0,0.0,0.0,0.0,empty_zero,empty_zero,False
idle_pcie_check_100hz.txt,100,10,GPU4,71,0,0,0.0,0.0,0.0,0.0,empty_zero,empty_zero,False
idle_pcie_check_100hz.txt,100,10,GPU4,72,0,0,0.0,0.0,0.0,0.0,empty_zero,empty_zero,False
idle_pcie_check_100hz.txt,100,10,GPU4,73,0,0,0.0,0.0,0.0,0.0,empty_zero,empty_zero,False
idle_pcie_check_100hz.txt,100,10,GPU4,74,0,0,0.0,0.0,0.0,0.0,empty_zero,empty_zero,False
idle_pcie_check_100hz.txt,100,10,GPU4,75,0,0,0.0,0.0,0.0,0.0,empty_zero,empty_zero,False
idle_pcie_check_100hz.txt,100,10,GPU4,76,0,0,0.0,0.0,0.0,0.0,empty_zero,empty_zero,False
idle_pcie_check_100hz.txt,100,10,GPU4,77,4753348,4538478,4.7533,4.5385,475.335,453.848,valid,valid,False
idle_pcie_check_100hz.txt,100,10,GPU4,78,4753348,4538478,4.7533,4.5385,475.335,453.848,valid,valid,False
idle_pcie_check_100hz.txt,100,10,GPU4,79,4753348,4538478,4.7533,4.5385,475.335,453.848,valid,valid,False
idle_pcie_check_100hz.txt,100,10,GPU4,80,4753348,4538478,4.7533,4.5385,475.335,453.848,valid,valid,False
idle_pcie_check_100hz.txt,100,10,GPU4,81,4753348,4538478,4.7533,4.5385,475.335,453.848,valid,valid,False
idle_pcie_check_100hz.txt,100,10,GPU4,82,4753348,4538478,4.7533,4.5385,475.335,453.848,valid,valid,False
idle_pcie_check_100hz.txt,100,10,GPU4,83,0,3622078,0.0,3.6221,0.0,362.208,empty_zero,valid,False
idle_pcie_check_100hz.txt,100,10,GPU4,84,0,0,0.0,0.0,0.0,0.0,empty_zero,empty_zero,False
idle_pcie_check_100hz.txt,100,10,GPU4,85,141494,20962,0.1415,0.021,14.149,2.096,valid,valid,False
idle_pcie_check_100hz.txt,100,10,GPU4,86,0,0,0.0,0.0,0.0,0.0,empty_zero,empty_zero,False
idle_pcie_check_100hz.txt,100,10,GPU4,87,0,0,0.0,0.0,0.0,0.0,empty_zero,empty_zero,False
idle_pcie_check_100hz.txt,100,10,GPU4,88,0,0,0.0,0.0,0.0,0.0,empty_zero,empty_zero,False
idle_pcie_check_100hz.txt,100,10,GPU4,89,0,0,0.0,0.0,0.0,0.0,empty_zero,empty_zero,False
idle_pcie_check_100hz.txt,100,10,GPU4,90,0,0,0.0,0.0,0.0,0.0,empty_zero,empty_zero,False
idle_pcie_check_100hz.txt,100,10,GPU4,91,0,0,0.0,0.0,0.0,0.0,empty_zero,empty_zero,False
idle_pcie_check_100hz.txt,100,10,GPU4,92,0,0,0.0,0.0,0.0,0.0,empty_zero,empty_zero,False
idle_pcie_check_100hz.txt,100,10,GPU4,93,0,0,0.0,0.0,0.0,0.0,empty_zero,empty_zero,False
idle_pcie_check_100hz.txt,100,10,GPU4,94,5660022,5670504,5.66,5.6705,566.002,567.05,valid,valid,False
idle_pcie_check_100hz.txt,100,10,GPU4,95,0,0,0.0,0.0,0.0,0.0,empty_zero,empty_zero,False
idle_pcie_check_100hz.txt,100,10,GPU4,96,0,0,0.0,0.0,0.0,0.0,empty_zero,empty_zero,False
idle_pcie_check_100hz.txt,100,10,GPU4,97,0,0,0.0,0.0,0.0,0.0,empty_zero,empty_zero,False
idle_pcie_check_100hz.txt,100,10,GPU4,98,0,0,0.0,0.0,0.0,0.0,empty_zero,empty_zero,False
idle_pcie_check_100hz.txt,100,10,GPU4,99,0,0,0.0,0.0,0.0,0.0,empty_zero,empty_zero,False
idle_pcie_check_100hz.txt,100,10,GPU4,100,0,0,0.0,0.0,0.0,0.0,empty_zero,empty_zero,False
idle_pcie_check_100hz.txt,100,10,GPU4,101,0,0,0.0,0.0,0.0,0.0,empty_zero,empty_zero,False
idle_pcie_check_100hz.txt,100,10,GPU4,102,0,0,0.0,0.0,0.0,0.0,empty_zero,empty_zero,False
idle_pcie_check_100hz.txt,100,10,GPU4,103,7693140,6797005,7.6931,6.797,769.314,679.701,valid,valid,False
idle_pcie_check_100hz.txt,100,10,GPU4,104,0,0,0.0,0.0,0.0,0.0,empty_zero,empty_zero,False
idle_pcie_check_100hz.txt,100,10,GPU4,105,0,0,0.0,0.0,0.0,0.0,empty_zero,empty_zero,False
idle_pcie_check_100hz.txt,100,10,GPU4,106,0,0,0.0,0.0,0.0,0.0,empty_zero,empty_zero,False
idle_pcie_check_100hz.txt,100,10,GPU4,107,0,0,0.0,0.0,0.0,0.0,empty_zero,empty_zero,False
idle_pcie_check_100hz.txt,100,10,GPU4,108,0,0,0.0,0.0,0.0,0.0,empty_zero,empty_zero,False
idle_pcie_check_100hz.txt,100,10,GPU4,109,0,0,0.0,0.0,0.0,0.0,empty_zero,empty_zero,False
idle_pcie_check_100hz.txt,100,10,GPU4,110,0,7892592,0.0,7.8926,0.0,789.259,empty_zero,valid,False
idle_pcie_check_100hz.txt,100,10,GPU4,111,0,0,0.0,0.0,0.0,0.0,empty_zero,empty_zero,False
idle_pcie_check_100hz.txt,100,10,GPU4,112,0,0,0.0,0.0,0.0,0.0,empty_zero,empty_zero,False
idle_pcie_check_100hz.txt,100,10,GPU4,113,0,0,0.0,0.0,0.0,0.0,empty_zero,empty_zero,False
idle_pcie_check_100hz.txt,100,10,GPU4,114,0,0,0.0,0.0,0.0,0.0,empty_zero,empty_zero,False
idle_pcie_check_100hz.txt,100,10,GPU4,115,0,0,0.0,0.0,0.0,0.0,empty_zero,empty_zero,False
idle_pcie_check_100hz.txt,100,10,GPU4,116,0,0,0.0,0.0,0.0,0.0,empty_zero,empty_zero,False
idle_pcie_check_100hz.txt,100,10,GPU4,117,0,0,0.0,0.0,0.0,0.0,empty_zero,empty_zero,False
idle_pcie_check_100hz.txt,100,10,GPU4,118,0,0,0.0,0.0,0.0,0.0,empty_zero,empty_zero,False
idle_pcie_check_100hz.txt,100,10,GPU4,119,0,0,0.0,0.0,0.0,0.0,empty_zero,empty_zero,False
idle_pcie_check_100hz.txt,100,10,GPU4,120,0,0,0.0,0.0,0.0,0.0,empty_zero,empty_zero,False
idle_pcie_check_100hz.txt,100,10,GPU4,121,0,0,0.0,0.0,0.0,0.0,empty_zero,empty_zero,False
idle_pcie_check_100hz.txt,100,10,GPU4,122,0,0,0.0,0.0,0.0,0.0,empty_zero,empty_zero,False
idle_pcie_check_100hz.txt,100,10,GPU4,123,0,0,0.0,0.0,0.0,0.0,empty_zero,empty_zero,False
idle_pcie_check_100hz.txt,100,10,GPU4,124,141406,0,0.1414,0.0,14.141,0.0,valid,empty_zero,False
idle_pcie_check_100hz.txt,100,10,GPU4,125,0,0,0.0,0.0,0.0,0.0,empty_zero,empty_zero,False
idle_pcie_check_100hz.txt,100,10,GPU4,126,0,0,0.0,0.0,0.0,0.0,empty_zero,empty_zero,False
idle_pcie_check_100hz.txt,100,10,GPU4,127,0,0,0.0,0.0,0.0,0.0,empty_zero,empty_zero,False
idle_pcie_check_100hz.txt,100,10,GPU4,128,0,0,0.0,0.0,0.0,0.0,empty_zero,empty_zero,False
idle_pcie_check_100hz.txt,100,10,GPU4,129,0,0,0.0,0.0,0.0,0.0,empty_zero,empty_zero,False
idle_pcie_check_100hz.txt,100,10,GPU4,130,1569381,1412443,1.5694,1.4124,156.938,141.244,valid,valid,False
idle_pcie_check_100hz.txt,100,10,GPU4,131,0,0,0.0,0.0,0.0,0.0,empty_zero,empty_zero,False
idle_pcie_check_100hz.txt,100,10,GPU4,132,0,0,0.0,0.0,0.0,0.0,empty_zero,empty_zero,False
idle_pcie_check_100hz.txt,100,10,GPU4,133,0,0,0.0,0.0,0.0,0.0,empty_zero,empty_zero,False
idle_pcie_check_100hz.txt,100,10,GPU4,134,0,0,0.0,0.0,0.0,0.0,empty_zero,empty_zero,False
idle_pcie_check_100hz.txt,100,10,GPU4,135,0,0,0.0,0.0,0.0,0.0,empty_zero,empty_zero,False
idle_pcie_check_100hz.txt,100,10,GPU4,136,0,0,0.0,0.0,0.0,0.0,empty_zero,empty_zero,False
idle_pcie_check_100hz.txt,100,10,GPU4,137,0,0,0.0,0.0,0.0,0.0,empty_zero,empty_zero,False
idle_pcie_check_100hz.txt,100,10,GPU4,138,0,0,0.0,0.0,0.0,0.0,empty_zero,empty_zero,False
idle_pcie_check_100hz.txt,100,10,GPU4,139,8162877,7612747,8.1629,7.6127,816.288,761.275,valid,valid,False
idle_pcie_check_100hz.txt,100,10,GPU4,140,0,0,0.0,0.0,0.0,0.0,empty_zero,empty_zero,False
idle_pcie_check_100hz.txt,100,10,GPU4,141,0,0,0.0,0.0,0.0,0.0,empty_zero,empty_zero,False
idle_pcie_check_100hz.txt,100,10,GPU4,142,0,0,0.0,0.0,0.0,0.0,empty_zero,empty_zero,False
idle_pcie_check_100hz.txt,100,10,GPU4,143,0,0,0.0,0.0,0.0,0.0,empty_zero,empty_zero,False
idle_pcie_check_100hz.txt,100,10,GPU4,144,0,0,0.0,0.0,0.0,0.0,empty_zero,empty_zero,False
idle_pcie_check_100hz.txt,100,10,GPU4,145,0,0,0.0,0.0,0.0,0.0,empty_zero,empty_zero,False
idle_pcie_check_100hz.txt,100,10,GPU4,146,0,0,0.0,0.0,0.0,0.0,empty_zero,empty_zero,False
idle_pcie_check_100hz.txt,100,10,GPU4,147,0,0,0.0,0.0,0.0,0.0,empty_zero,empty_zero,False
idle_pcie_check_100hz.txt,100,10,GPU4,148,7731555,7123926,7.7316,7.1239,773.155,712.393,valid,valid,False
idle_pcie_check_100hz.txt,100,10,GPU4,149,0,0,0.0,0.0,0.0,0.0,empty_zero,empty_zero,False
